FR,EI
151.99,133.99
151.99,133.99
151.99,133.99
177.99,133.99
151.99,133.99
151.99,133.99
130.99,133.99
103.99,133.99
81.99,133.99
55.99,133.99
55.99,133.99
65.99,133.99
65.99,133.99
46.99,133.99
46.99,133.99
32.55,133.99
18.12,133.99
18.12,133.99
38.99,133.99
38.99,133.99
38.99,133.99
38.99,133.99
18.12,133.99
9.99,133.99
9.99,133.99
9.99,133.99
9.99,133.99
9.99,133.99
9.99,133.99
32.55,132.99
18.12,132.99
18.12,132.99
18.12,132.99
9.99,132.99
9.99,132.99
9.99,132.99
9.99,132.99
9.99,132.99
9.99,132.99
,132.99
9.99,132.99
9.99,132.99
9.99,132.99
9.99,132.99
9.99,132.99
9.99,132.99
9.99,132.99
9.99,132.99
9.99,132.99
9.99,132.99
28.24,132.99
28.24,132.99
28.24,132.99
29.99,132.99
29.99,132.99
29.99,132.99
34.99,132.99
34.99,132.99
34.99,132.99
34.99,132.99
34.99,118.99
34.99,118.99
34.99,118.99
34.99,118.99
34.99,118.99
34.99,118.99
34.99,118.99
34.99,118.99
34.99,118.99
34.99,118.99
34.99,118.99
34.99,118.99
34.99,118.99
34.99,118.99
34.99,118.99
34.99,118.99
34.99,118.99
34.99,118.99
34.99,118.99
42.99,118.99
42.99,132.99
42.99,132.99
42.99,132.99
42.99,132.99
42.99,132.99
,132.99
42.99,132.99
42.99,132.99
42.99,132.99
42.99,132.99
,132.99
42.99,132.99
42.99,132.99
42.99,132.99
42.99,132.99
42.99,132.99
42.99,132.99
42.99,132.99
42.99,132.99
42.99,132.99
,132.99
42.99,132.99
,132.99
42.99,132.99
42.99,132.99
42.99,118.99
42.99,118.99
42.99,118.99
42.99,118.99
,118.99
42.99,118.99
42.99,118.99
42.99,118.99
42.99,118.99
42.99,118.99
42.99,118.99
42.99,118.99
42.99,118.99
42.99,118.99
42.99,118.99
42.99,118.99
42.99,118.99
42.99,118.99
42.99,118.99
42.99,118.99
42.99,118.99
42.99,118.99
42.99,118.99
42.99,118.99
42.99,118.99
42.99,118.99
42.99,118.99
42.99,118.99
42.99,118.99
42.99,118.99
42.99,118.99
42.99,118.99
42.99,118.99
42.99,118.99
42.99,118.99
42.99,118.99
42.99,118.99
42.99,118.99
42.99,118.99
42.99,118.99
42.99,118.99
42.99,118.99
42.99,118.99
42.99,118.99
,118.99
42.99,118.99
42.99,118.99
42.99,118.99
42.99,118.99
42.99,118.99
42.99,118.99
42.99,118.99
42.99,118.99
42.99,118.99
42.99,118.99
42.99,118.99
42.99,118.99
42.99,118.99
42.99,118.99
42.99,118.99
42.99,118.99
42.99,118.99
42.99,118.99
42.99,118.99
42.99,118.99
42.99,118.99
42.99,118.99
42.99,118.99
42.99,118.99
42.99,118.99
42.99,118.99
42.99,118.99
42.99,118.99
42.99,118.99
42.99,118.99
42.99,118.99
42.99,118.99
42.99,118.99
42.99,118.99
42.99,49.99
42.99,49.99
42.99,49.99
42.99,49.99
42.99,49.99
51.99,49.99
51.99,49.99
51.99,49.99
51.99,49.99
51.99,49.99
51.99,49.99
51.99,49.99
51.99,49.99
51.99,49.99
51.99,49.99
51.99,49.99
51.99,49.99
51.99,49.99
51.99,49.99
51.99,49.99
51.99,49.99
51.99,49.99
51.99,39.99
51.99,39.99
51.99,39.99
51.99,39.99
51.99,39.99
51.99,39.99
51.99,39.99
51.99,39.99
51.99,49.99
51.99,49.99
51.99,49.99
51.99,49.99
51.99,49.99
51.99,49.99
51.99,49.99
51.99,49.99
51.99,49.99
51.99,49.99
51.99,49.99
51.99,49.99
51.99,49.99
51.99,49.99
51.99,49.99
51.99,49.99
51.99,49.99
51.99,49.99
51.99,49.99
51.99,49.99
51.99,49.99
51.99,49.99
51.99,49.99
51.99,49.99
51.99,49.99
51.99,49.99
51.99,49.99
51.99,49.99
51.99,49.99
51.99,49.99
51.99,49.99
51.99,49.99
51.99,49.99
51.99,49.99
51.99,49.99
51.99,49.99
51.99,49.99
51.99,49.99
51.99,49.99
51.99,49.99
51.99,49.99
51.99,49.99
51.99,49.99
51.99,49.99
51.99,49.99
51.99,49.99
51.99,49.99
51.99,49.99
51.99,49.99
51.99,49.99
51.99,49.99
51.99,49.99
51.99,49.99
51.99,49.99
51.99,49.99
51.99,49.99
51.99,49.99
51.99,49.99
51.99,49.99
51.99,49.99
51.99,49.99
51.99,49.99
51.99,
51.99,
51.99,
51.99,
51.99,
51.99,
51.99,
51.99,
51.99,
51.99,
51.99,
51.99,
51.99,
51.99,
51.99,
51.99,
51.99,
51.99,
51.99,
51.99,
51.99,
51.99,
51.99,
51.99,
51.99,
51.99,
51.99,
51.99,
60.99,
60.99,
60.99,
60.99,
60.99,
60.99,
60.99,
60.99,
60.99,
60.99,
60.99,
60.99,
60.99,
60.99,
60.99,
60.99,
60.99,
60.99,
,
60.99,
60.99,
60.99,
60.99,
60.99,
60.99,
60.99,
60.99,
60.99,
60.99,
60.99,
60.99,
60.99,
60.99,
60.99,
60.99,
60.99,
60.99,
60.99,
,
,
60.99,
213.99,
213.99,
213.99,
,
,
213.99,
,
213.99,
213.99,
213.99,
,
213.99,
213.99,
213.99,